Serbia,Home & Garden,54
Rwanda,Musical Instruments,56
Chad,Pet Supplies,70
Guinea-Bissau,Video Games,41
Ecuador,Home & Garden,74
Taiwan,Books,70
Malawi,Pet Supplies,71
Togo,Outdoors,81
Saint Helena,Beauty,54
Central African Republic,Watches,97
France,Software,65
Holy See (Vatican City State),Video Games,80
Burundi,Books,50
Moldova,Fine Art,66
Tonga,Outdoors,55
Lesotho,Video & Blu-ray,55
Saint Martin,Musical Instruments,99
Martinique,Books,44
United Kingdom,Video & Blu-ray,66
Palau,Beauty,59
Russian Federation,Books,42
Saint Lucia,Software,61
Cote d'Ivoire,Pet Supplies,49
French Guiana,Toys & Games,53
Wallis and Futuna,Office Products,58
Micronesia,Fine Art,50
Bouvet Island (Bouvetoya),Office Products,58
Cameroon,Software,44
Western Sahara,Video Games,56
Ukraine,Outdoors,98
Costa Rica,Books,56
Armenia,Health & Personal Care,44
Paraguay,Books,58
Netherlands,Sports,50
Argentina,Outdoors,70
Qatar,Video Games,72
Japan,Health & Personal Care,89
Lithuania,Music & DVD,73
Sao Tome and Principe,Beauty,36
Bahamas,Music & DVD,47
Namibia,Electronics,54
Palestinian Territory,Video & Blu-ray,59
Uganda,Books,71
Guatemala,Office Products,75
Chile,Toys & Games,66
Marshall Islands,Software,54
Korea,Fine Art,120
United States of America,Electronics,82
Comoros,Office Products,53
Saint Pierre and Miquelon,Fine Art,80
Cocos (Keeling) Islands,Electronics,65
Gabon,Beauty,62
Belize,Electronics,81
Montenegro,Video Games,79
United Arab Emirates,Toys & Games,56
Romania,Sports,58
Falkland Islands (Malvinas),Home & Garden,61
Congo,Sports,119
Myanmar,Outdoors,46
Jersey,Software,84
Bosnia and Herzegovina,Pet Supplies,71
Sierra Leone,Fine Art,66
Algeria,Outdoors,59
Saint Kitts and Nevis,Electronics,65
Slovakia (Slovak Republic),Books,67
Jordan,Toys & Games,43
Albania,Health & Personal Care,82
Bulgaria,Home & Garden,84
Finland,Home & Garden,46
Colombia,Toys & Games,58
Guinea,Office Products,65
Austria,Video & Blu-ray,62
Israel,Musical Instruments,80
Iraq,Beauty,71
Iceland,Beauty,80
Uzbekistan,Home & Garden,63
Netherlands Antilles,Electronics,58
Anguilla,Pet Supplies,40
Christmas Island,Software,43
Saudi Arabia,Video & Blu-ray,60
Morocco,Home & Garden,89
Guadeloupe,Office Products,50
Spain,Pet Supplies,64
Singapore,Electronics,76
British Indian Ocean Territory (Chagos Archipelago),Watches,58
Greece,Watches,53
Cambodia,Office Products,100
Latvia,Software,74
French Polynesia,Software,91
New Caledonia,Toys & Games,46
Philippines,Books,71
Mongolia,Video Games,66
Norfolk Island,Toys & Games,53
Fiji,Pet Supplies,82
Azerbaijan,Home & Garden,97
Guernsey,Video & Blu-ray,48
Yemen,Musical Instruments,50
Denmark,Music & DVD,62
Faroe Islands,Video & Blu-ray,87
Somalia,Watches,47
Germany,Watches,44
Cook Islands,Beauty,83
Cape Verde,Video Games,45
Iran,Music & DVD,62
Andorra,Musical Instruments,91
Tokelau,Musical Instruments,93
South Georgia and the South Sandwich Islands,Software,54
South Africa,Musical Instruments,38
Mali,Toys & Games,69
Uruguay,Books,48
Guam,Office Products,51
Antarctica (the territory South of 60 deg S),Software,44
Suriname,Software,49
El Salvador,Home & Garden,108
Jamaica,Software,52
Puerto Rico,Health & Personal Care,52
Thailand,Software,78
Indonesia,Video Games,77
Eritrea,Sports,73
Macao,Outdoors,64
Libyan Arab Jamahiriya,Outdoors,47
Slovenia,Music & DVD,67
Bolivia,Video & Blu-ray,92
Niue,Toys & Games,58
Senegal,Beauty,49
Haiti,Video & Blu-ray,64
New Zealand,Sports,58
Bhutan,Health & Personal Care,56
Botswana,Toys & Games,44
Northern Mariana Islands,Home & Garden,47
Cyprus,Home & Garden,59
Switzerland,Beauty,67
United States Minor Outlying Islands,Music & DVD,39
Reunion,Fine Art,57
Mauritania,Pet Supplies,61
Ireland,Pet Supplies,40
British Virgin Islands,Toys & Games,65
Antigua and Barbuda,Toys & Games,73
Cayman Islands,Music & DVD,46
Afghanistan,Office Products,92
Guyana,Home & Garden,82
Kuwait,Health & Personal Care,69
Estonia,Music & DVD,73
United States Virgin Islands,Books,57
Mozambique,Video Games,59
Kazakhstan,Books,74
Peru,Toys & Games,106
Equatorial Guinea,Toys & Games,49
Dominican Republic,Health & Personal Care,66
Canada,Pet Supplies,54
Luxembourg,Health & Personal Care,61
Monaco,Musical Instruments,59
Bahrain,Video Games,58
Malaysia,Watches,57
Djibouti,Music & DVD,53
Benin,Video & Blu-ray,56
Mexico,Office Products,45
India,Beauty,31
Mayotte,Toys & Games,53
Burkina Faso,Software,50
Croatia,Books,44
Lebanon,Musical Instruments,84
Nigeria,Watches,54
Svalbard & Jan Mayen Islands,Musical Instruments,91
Isle of Man,Books,61
Nepal,Books,43
Solomon Islands,Home & Garden,41
Tunisia,Toys & Games,73
Bangladesh,Sports,43
Venezuela,Sports,78
French Southern Territories,Software,64
Grenada,Musical Instruments,47
Bermuda,Toys & Games,63
Hong Kong,Music & DVD,74
Dominica,Health & Personal Care,57
Egypt,Watches,67
Liechtenstein,Toys & Games,84
Saint Barthelemy,Musical Instruments,63
Gambia,Video & Blu-ray,82
Ghana,Video Games,87
North Macedonia,Toys & Games,53
Czech Republic,Electronics,40
Australia,Electronics,53
Tanzania,Electronics,73
Greenland,Pet Supplies,48
Syrian Arab Republic,Pet Supplies,53
Sudan,Video & Blu-ray,52
Georgia,Fine Art,58
Aruba,Video Games,73
Italy,Musical Instruments,86
Zimbabwe,Musical Instruments,65
Turks and Caicos Islands,Software,46
Oman,Books,55
Zambia,Toys & Games,46
Kyrgyz Republic,Electronics,59
Pitcairn Islands,Sports,56
Honduras,Home & Garden,64
Hungary,Video Games,44
Nicaragua,Video Games,68
Heard Island and McDonald Islands,Watches,69
Swaziland,Watches,50
Madagascar,Music & DVD,68
Gibraltar,Electronics,54
Kiribati,Outdoors,83
Kenya,Home & Garden,63
Poland,Software,81
China,Fine Art,74
Vietnam,Health & Personal Care,75
Brazil,Home & Garden,36
Turkey,Music & DVD,67
Barbados,Musical Instruments,57
Malta,Office Products,61
Trinidad and Tobago,Software,48
Papua New Guinea,Fine Art,82
Cuba,Books,54
San Marino,Software,80
Panama,Pet Supplies,52
Sri Lanka,Musical Instruments,69
Saint Vincent and the Grenadines,Pet Supplies,51
Belgium,Music & DVD,48
Belarus,Books,46
Sweden,Fine Art,75
Timor-Leste,Toys & Games,63
Niger,Video Games,32
Tuvalu,Books,51
Norway,Musical Instruments,61
Montserrat,Software,53
Mauritius,Sports,69
Pakistan,Video & Blu-ray,69
Nauru,Toys & Games,41
Tajikistan,Office Products,48
Portugal,Music & DVD,51
Turkmenistan,Sports,84
Liberia,Beauty,50
Seychelles,Health & Personal Care,72
Maldives,Software,66
Angola,Video Games,46
Brunei Darussalam,Music & DVD,88
American Samoa,Watches,59
Lao People's Democratic Republic,Electronics,75
Vanuatu,Electronics,55
Ethiopia,Health & Personal Care,72
Samoa,Office Products,91
